{"nextId":2,"logins":[{"id":1,"hostname":"http://pctf.local","httpRealm":null,"formSubmitURL":"http://pctf.local","usernameField":"pma_username","passwordField":"pma_password","encryptedUsername":"MDIEEPgAAAAAAAAAAAAAAAAAAAEwFAYIKoZIhvcNAwcECCuOWdQ/hetaBAgePXwOEpjJ8A==","encryptedPassword":"MFoEEPgAAAAAAAAAAAAAAAAAAAEwFAYIKoZIhvcNAwcECIXzqj7CSThQBDD9VvlaNHYQTckxeunPxCijPcDOc5daQXm70oJY17Vy6pnMaTFZkQlk9XOg9Rel/Bs=","guid":"{50b4bd2c-0d6e-4ae9-ba9e-9687fb3e3bec}","encType":1,"timeCreated":1648238150220,"timeLastUsed":1648238156235,"timePasswordChanged":1648238150220,"timesUsed":2}],"potentiallyVulnerablePasswords":[],"dismissedBreachAlertsByLoginGUID":{},"version":3}