{"nextId":2,"logins":[{"id":1,"hostname":"http://pctf.local","httpRealm":null,"formSubmitURL":"http://pctf.local","usernameField":"pma_username","passwordField":"pma_password","encryptedUsername":"MDIEEPgAAAAAAAAAAAAAAAAAAAEwFAYIKoZIhvcNAwcECBOUP7ER2dy6BAhRLjLZF40ZNQ==","encryptedPassword":"MFoEEPgAAAAAAAAAAAAAAAAAAAEwFAYIKoZIhvcNAwcECJEX6JHgkAEVBDDh4+j4iG3OzZYjY/CwLVi5LaG0L5X2zBn0vOy1Ck68yHa3UQP2bh1KT4SyGKGdhl0=","guid":"{50b4bd2c-0d6e-4ae9-ba9e-9687fb3e3bec}","encType":1,"timeCreated":1648238150220,"timeLastUsed":1648238150220,"timePasswordChanged":1648238150220,"timesUsed":1}],"potentiallyVulnerablePasswords":[],"dismissedBreachAlertsByLoginGUID":{},"version":3}